ID đơn hàng,Trạng thái đặt hàng,Checkout id,Thời Gian Đặt Hàng,Thời gian hoàn thành,Thời gian Click,Tên Shop,Shop id,Loại Shop,Item id,Tên Item,ID Model,Loại sản phẩm,Promotion id,L1 Danh mục toàn cầu,L2 Danh mục toàn cầu,L3 Danh mục toàn cầu,Giá(₫),Số lượng,Loại Hoa hồng,Đối tác chiến dịchr,Giá trị đơn hàng (₫),Số tiền hoàn trả (₫),Tỷ lệ sản phẩm hoa hồng Shope,Hoa hồng Shopee trên sản phẩm(₫),Tỷ lệ sản phẩm hoa hồng người bán,Hoa hồng Xtra trên sản phẩm(₫),Tổng hoa hồng sản phẩm(₫),Hoa hồng đơn hàng từ Shopee(₫),Hoa hồng đơn hàng từ Người bán(₫),Tổng hoa hồng đơn hàng(₫),Tên MNC đã liên kết,Mã hợp đồng MCN,Mức phí quản lý MCN,Phí quản lý MCN(₫),Mức hoa hồng tiếp thị liên kết theo thỏa thuận,Hoa hồng ròng tiếp thị liên kết(₫),Trạng thái sản phẩm liên kết,Ghi chú sản phẩm,Loại thuộc tính,Trạng thái người mua,Sub_id1,Sub_id2,Sub_id3,Sub_id4,Sub_id5,Kênh
260415SRA8Y6C2,Đang chờ xử lý,229885108216902,2026-04-14 23:58:28,,2026-04-14 23:39:44,Máy May Đức Hạnh,79683269,C2C(Non-CB),23532651319,Kéo bấm chỉ sắt 2 màu loại lớn 12cm vĩ 12 cây,184063568427,Normal Product,,Văn Phòng Phẩm,Thiết Bị Trường Học,Kéo,120000,1,XTRA Comm,,119400,,20.00%,20000,1.00%,1194,21194,20000,1194,21194,,0,0.00%,0,100.00%,21194,Đang chờ xử lý,"Trạng thái của sản phẩm đang chờ xử lý, hoa hồng sẽ chỉ được thanh toán khi nó được hoàn thành",Đơn hàng từ các Shop khác nhau,Đã tồn tại,MuseStudio,aotodinhdaxanhdamdaitay,,,,Others
260415SR3HGD3R,Đang chờ xử lý,229884882283862,2026-04-14 23:54:42,,2026-04-14 23:42:30,BE.MORE.SEXY,661837397,Preferred(Non-CB),24394957628,"Kính Bơi YOUYOU Chống Sương Mù, Chống UV Cao Cấp - Phong Cách, Chất Lượng Đỉnh Cao",149174034806,Normal Product,,Thể Thao & Dã Ngoại,Dụng Cụ Thể Thao & Dã Ngoại,Bơi Lội & Lặn,129000,1,XTRA Comm,,108360,,20.00%,5512,4.00%,4334.4,9846.4,20000,17148.6,37148.6,,0,0.00%,0,100.00%,37148.6,Đang chờ xử lý,"Trạng thái của sản phẩm đang chờ xử lý, hoa hồng sẽ chỉ được thanh toán khi nó được hoàn thành",Đơn hàng từ các Shop khác nhau,Đã tồn tại,dammaxi,,,,,Others
260415SR3HGD3R,Đang chờ xử lý,229884882283862,2026-04-14 23:54:42,,2026-04-14 23:42:30,BE.MORE.SEXY,661837397,Preferred(Non-CB),27288845870,[Mua Kèm Quà Tặng] Đồ bơi nữ kín đáo dài tay chống nắng phong cách Hàn Quốc short 2 lớp,108715343646,Normal Product,,Thể Thao & Dã Ngoại,Thời Trang Thể Thao & Dã Ngoại,Đồ Bơi,339000,1,XTRA Comm,,284760,,20.00%,14488,4.50%,12814.2,27302.2,0,0,0,,0,0.00%,0,100.00%,0,Đang chờ xử lý,"Trạng thái của sản phẩm đang chờ xử lý, hoa hồng sẽ chỉ được thanh toán khi nó được hoàn thành",Đơn hàng từ các Shop khác nhau,Đã tồn tại,dammaxi,,,,,Others
260415SQ3WMY9E,Đang chờ xử lý,229883821282228,2026-04-14 23:37:01,,2026-04-14 21:01:51,Tanzy Foods Official Store,1302299325,Shopee Mall(Non-CB),26768251123,"Xốt Trứng Muối Hoàng Kim Tanzy Foods 500g, dùng trực tiếp phù hợp đồ chiên nướng...",108516809479,Normal Product,,Thực phẩm và đồ uống,Nguyên liệu nấu ăn,Gia vị & Hương liệu,59000,1,XTRA Comm,,59000,,20.00%,10000,6.50%,3835,13835,20000,7670,27670,,0,0.00%,0,100.00%,27670,Đang chờ xử lý,"Trạng thái của sản phẩm đang chờ xử lý, hoa hồng sẽ chỉ được thanh toán khi nó được hoàn thành",Đơn hàng từ các Shop khác nhau,Đã tồn tại,MuseStudio,aotodinhdaxanhdamdaitay,,,,Facebook
260415SQ3WMY9E,Đang chờ xử lý,229883821282228,2026-04-14 23:37:01,,2026-04-14 21:01:51,Tanzy Foods Official Store,1302299325,Shopee Mall(Non-CB),26904783421,"Xốt Phô Mai Tanzy Foods 500g chấm gà rán đồ chiên , mì trộn , hải sản , đồ nướng , BBQ",49790592487,Normal Product,,Thực phẩm và đồ uống,Nguyên liệu nấu ăn,Gia vị & Hương liệu,59000,1,XTRA Comm,,59000,,20.00%,10000,6.50%,3835,13835,0,0,0,,0,0.00%,0,100.00%,0,Đang chờ xử lý,"Trạng thái của sản phẩm đang chờ xử lý, hoa hồng sẽ chỉ được thanh toán khi nó được hoàn thành",Đơn hàng từ các Shop khác nhau,Đã tồn tại,MuseStudio,aotodinhdaxanhdamdaitay,,,,Facebook
260415SNKVAJ31,Đang chờ xử lý,229882209276669,2026-04-14 23:10:09,,2026-04-14 23:04:22,LOVITO OFFICIAL STORE,446089250,Shopee Mall(CB),56806160088,Lovito  Váy Thường Ngày Vải Mùa Xuân/Hè Màu Xanh Dương cho Nữ LK3AD315,375559171518,Normal Product,,Thời Trang Nữ,Đầm,,249480,1,XTRA Comm,,192763,,20.00%,20000,1.00%,1927.63,21927.63,20000,1927.63,21927.63,,0,0.00%,0,100.00%,21927.63,Đang chờ xử lý,"Trạng thái của sản phẩm đang chờ xử lý, hoa hồng sẽ chỉ được thanh toán khi nó được hoàn thành",Đơn hàng từ các Shop khác nhau,Đã tồn tại,dammaxi,,,,,Facebook
260415SN4CD329,Đang chờ xử lý,229881689260157,2026-04-14 23:01:29,,2026-04-14 22:56:16,Heli.store,1120435828,Preferred(Non-CB),24510623563,TÚI/ TỆP ĐỰNG TÀI LIỆU A4 TRONG SUỐT NHIỀU NGĂN CÓ KHÓA GÀI SỨC CHỨA LỚN TIỆN LỢI,158508121874,Normal Product,,Văn Phòng Phẩm,Thiết Bị Trường Học,Dụng Cụ Lưu Trữ Giấy Tờ,40000,1,XTRA Comm,,40000,,20.00%,8000,4.50%,1800,9800,8000,1800,9800,,0,0.00%,0,100.00%,9800,Đang chờ xử lý,"Trạng thái của sản phẩm đang chờ xử lý, hoa hồng sẽ chỉ được thanh toán khi nó được hoàn thành",Đơn hàng từ các Shop khác nhau,Đã tồn tại,vaykhongtaycochuv,,,,,Facebook
260414SN1C20QA,Đang chờ xử lý,229881588241056,2026-04-14 22:59:52,,2026-04-14 22:43:12,SOMIVN,53475750,C2C(Non-CB),8529069271,"Sơ mi nữ hottrend hàng GU cực đẹp dễ mặc, sơ mi đi làm, sơ mi đi học, đồng phục, áo sơ mi nữ đẹp, hàng chuẩn xuất GUU",74697735572,Normal Product,,Thời Trang Nữ,Áo,Áo sơ mi,135000,1,Shopee Comm,,135000,,20.00%,20000,0.00%,0,20000,20000,0,20000,,0,0.00%,0,100.00%,20000,Đang chờ xử lý,"Trạng thái của sản phẩm đang chờ xử lý, hoa hồng sẽ chỉ được thanh toán khi nó được hoàn thành",Đơn hàng từ các Shop khác nhau,Đã tồn tại,MuseStudio,aotodinhdaxanhdamdaitay,,,,Others
260414SM7H65TD,Đang chờ xử lý,229880721202607,2026-04-14 22:45:22,,2026-04-14 21:14:51,Giày Hiền,34182169,C2C(Non-CB),7448181442,[Mới ] Đặc Sản Miến Dong Huy Khánh Miến Mộc,50714203267,Normal Product,,Thực phẩm và đồ uống,Nhu yếu phẩm,Khác,31000,5,Shopee Comm,,137950,,20.00%,20000,0.00%,0,20000,20000,0,20000,,0,0.00%,0,100.00%,20000,Đang chờ xử lý,"Trạng thái của sản phẩm đang chờ xử lý, hoa hồng sẽ chỉ được thanh toán khi nó được hoàn thành",Đơn hàng từ các Shop khác nhau,Đã tồn tại,MuseStudio,aotodinhdaxanhdamdaitay,,,,Facebook
260414SKR0B3HF,Đang chờ xử lý,229880200228953,2026-04-14 22:36:40,,2026-04-14 20:26:15,Vietcoco - Tinh Hoa Dừa Việt,60414205,Shopee Mall(Non-CB),46300584535,[COMBO 2 CHAI] Dầu dừa tinh khiết Organic Vietcoco (thực phẩm ) chai 500ml,395050070368,Normal Product,446687248728136_0_0,Thực phẩm và đồ uống,Đồ ăn vặt,Khoai tây lát,217035,1,XTRA Comm,,181274,,20.00%,10218,5.00%,9063.7,19281.7,20000,17742.15,37742.15,,0,0.00%,0,100.00%,37742.15,Đang chờ xử lý,"Trạng thái của sản phẩm đang chờ xử lý, hoa hồng sẽ chỉ được thanh toán khi nó được hoàn thành",Đơn hàng từ các Shop khác nhau,Đã tồn tại,dammaxi,,,,,Facebook
260414SKR0B3HF,Đang chờ xử lý,229880200228953,2026-04-14 22:36:40,,2026-04-14 20:26:15,Vietcoco - Tinh Hoa Dừa Việt,60414205,Shopee Mall(Non-CB),7182197328,[NHÃN MỚI CFS] Dầu dừa tinh khiết mỹ phẩm Cofusions 250ml,74210859897,Normal Product,446687248728136_0_0,Sắc Đẹp,Tắm & chăm sóc cơ thể,Dầu dưỡng da,207808,1,XTRA Comm,,173569,,20.00%,9782,5.00%,8678.45,18460.45,0,0,0,,0,0.00%,0,100.00%,0,Đang chờ xử lý,"Trạng thái của sản phẩm đang chờ xử lý, hoa hồng sẽ chỉ được thanh toán khi nó được hoàn thành",Đơn hàng từ các Shop khác nhau,Đã tồn tại,dammaxi,,,,,Facebook
260414SKR0B3HF,Đang chờ xử lý,229880200228953,2026-04-14 22:36:40,,2026-04-14 20:26:15,Vietcoco - Tinh Hoa Dừa Việt,60414205,Shopee Mall(Non-CB),8063171218,[NHÃN MỚI CFS] Dầu dừa Tinh Khiết Cofusions dưỡng mi 10ml,82525194031,Normal Product,446687248728136_0_0,Sắc Đẹp,Chăm sóc da mặt,Sản phẩm dưỡng mắt,0,1,XTRA Comm,,0,,20.00%,0,5.00%,0,0,0,0,0,,0,0.00%,0,100.00%,0,Đang chờ xử lý,"Trạng thái của sản phẩm đang chờ xử lý, hoa hồng sẽ chỉ được thanh toán khi nó được hoàn thành",Đơn hàng từ các Shop khác nhau,Đã tồn tại,dammaxi,,,,,Facebook
260414SKPGQ66C,Đang chờ xử lý,229880150283212,2026-04-14 22:35:50,,2026-04-14 22:26:47,Phukiendulich.vn,1308891043,Preferred(Non-CB),41024668116,"Găng tay thoa kem dưỡng thể 2 mặt, bao tay bôi kem body không bết dính",296999516926,Normal Product,,Phụ Kiện Thời Trang,Găng tay,,18000,1,Shopee Comm,,18000,,20.00%,3600,0.00%,0,3600,3600,0,3600,,0,0.00%,0,100.00%,3600,Đang chờ xử lý,"Trạng thái của sản phẩm đang chờ xử lý, hoa hồng sẽ chỉ được thanh toán khi nó được hoàn thành",Đơn hàng từ các Shop khác nhau,Đã tồn tại,dammaxi,,,,,Facebook
260414SK50WB6N,Đang chờ xử lý,229879563282176,2026-04-14 22:26:03,,2026-04-14 15:26:45,KHO GIA ĐÌNH,180076981,C2C(Non-CB),27225829478,Tạp Dề Nấu Ăn Bằng Vải Canvas Thoáng Khí Dễ Thương Dành Cho Nữ,252618922541,Normal Product,,Nhà cửa & Đời sống,Dụng cụ nhà bếp,Tạp dề & găng tay nấu nướng,37379,1,XTRA Comm,,29179,,20.00%,5835.8,2.50%,729.475,6565.275,10675.8,1334.475,12010.275,,0,0.00%,0,100.00%,12010.275,Đang chờ xử lý,"Trạng thái của sản phẩm đang chờ xử lý, hoa hồng sẽ chỉ được thanh toán khi nó được hoàn thành",Đơn hàng từ các Shop khác nhau,Đã tồn tại,vaykhongtaycochuv,,,,,Facebook
260414SK50WB6N,Đang chờ xử lý,229879563282176,2026-04-14 22:26:03,,2026-04-14 15:26:45,KHO GIA ĐÌNH,180076981,C2C(Non-CB),27225829478,Tạp Dề Nấu Ăn Bằng Vải Canvas Thoáng Khí Dễ Thương Dành Cho Nữ,252618922543,Normal Product,,Nhà cửa & Đời sống,Dụng cụ nhà bếp,Tạp dề & găng tay nấu nướng,31000,1,XTRA Comm,,24200,,20.00%,4840,2.50%,605,5445,0,0,0,,0,0.00%,0,100.00%,0,Đang chờ xử lý,"Trạng thái của sản phẩm đang chờ xử lý, hoa hồng sẽ chỉ được thanh toán khi nó được hoàn thành",Đơn hàng từ các Shop khác nhau,Đã tồn tại,vaykhongtaycochuv,,,,,Facebook
260414SHY7K69D,Đang chờ xử lý,229878295223797,2026-04-14 22:04:56,,2026-04-14 16:42:05,dreamhouse21,430850782,Preferred(CB),24307272956,Khuôn Silicone Làm Bánh Hình Rồng & Phượng Hoàng Phong Cách Trung Hoa,197260597471,Normal Product,,Nhà cửa & Đời sống,Dụng cụ nhà bếp,Dụng cụ nướng & trang trí bánh,119900,1,XTRA Comm,,109900,,20.00%,20000,1.00%,1099,21099,20000,1099,21099,,0,0.00%,0,100.00%,21099,Đang chờ xử lý,"Trạng thái của sản phẩm đang chờ xử lý, hoa hồng sẽ chỉ được thanh toán khi nó được hoàn thành",Đơn hàng từ các Shop khác nhau,Đã tồn tại,vaykhongtaycochuv,,,,,Others
260414SGMKUKNE,Đang chờ xử lý,229876865244823,2026-04-14 21:41:09,,2026-04-13 21:13:48,Lisa_Storee,1120378580,C2C(Non-CB),49857060491,LISASTOREE | Maxi đi biển 3 chi tiết màu kem nhẹ nhàng sang chảnh (Có kèm áo quây),425627855677,Normal Product,,Thời Trang Nữ,Đầm,,380000,1,Shopee Comm,,315400,,20.00%,9500,0.00%,0,9500,20000,0,20000,,0,0.00%,0,100.00%,20000,Đang chờ xử lý,"Trạng thái của sản phẩm đang chờ xử lý, hoa hồng sẽ chỉ được thanh toán khi nó được hoàn thành",Đơn hàng từ các Shop khác nhau,Đã tồn tại,vaykhongtaycochuv,,,,,Facebook
260414SGMKUKNE,Đang chờ xử lý,229876865244823,2026-04-14 21:41:09,,2026-04-13 21:13:48,Lisa_Storee,1120378580,C2C(Non-CB),54056735699,"LISASTOREE | Maxi hở lưng dáng dài, Đầm 2 dây thiết kế bèo tầng họa tiết hoa nhí nhẹ nhàng quyễn rũ",307433682023,Normal Product,,Thời Trang Nữ,Đầm,,420000,1,Shopee Comm,,348600,,20.00%,10500,0.00%,0,10500,0,0,0,,0,0.00%,0,100.00%,0,Đang chờ xử lý,"Trạng thái của sản phẩm đang chờ xử lý, hoa hồng sẽ chỉ được thanh toán khi nó được hoàn thành",Đơn hàng từ các Shop khác nhau,Đã tồn tại,vaykhongtaycochuv,,,,,Facebook
260414SGGVNAW1,Đang chờ xử lý,229876740258453,2026-04-14 21:39:00,,2026-04-14 14:18:19,NK Fashion Store,450865195,Shopee Mall(Non-CB),44000990597,"Váy Đầm Maxi Gun Thời Trang Công Sở NK Fashion Basic, Nữ Tính Dáng Suông Thoải Mái NKDV2503002",109501304218,Normal Product,,Thời Trang Nữ,Đầm,,294000,1,XTRA Comm,,244240,,20.00%,20000,6.00%,14654.4,34654.4,20000,14654.4,34654.4,,0,0.00%,0,100.00%,34654.4,Đang chờ xử lý,"Trạng thái của sản phẩm đang chờ xử lý, hoa hồng sẽ chỉ được thanh toán khi nó được hoàn thành",Đơn hàng từ các Shop khác nhau,Đã tồn tại,dammaxi,,,,,Facebook
260414SFWDVK2G,Đang chờ xử lý,229876087239705,2026-04-14 21:28:07,,2026-04-14 21:17:59,Giadung1886,1379620204,Preferred(Non-CB),29514548546,Tay nắm cửa chống va đập tiện dụng. Tay nắm cửa silicol mềm mại dễ sử dụng an toàn cho bé,241814170725,Normal Product,,Nhà cửa & Đời sống,Dụng cụ & Thiết bị tiện ích,Cửa & cửa sổ,7595,2,XTRA Comm,,15190,,20.00%,3038,1.00%,151.9,3189.9,3038,151.9,3189.9,,0,0.00%,0,100.00%,3189.9,Đang chờ xử lý,"Trạng thái của sản phẩm đang chờ xử lý, hoa hồng sẽ chỉ được thanh toán khi nó được hoàn thành",Đơn hàng từ các Shop khác nhau,Đã tồn tại,dammaxi,,,,,Others
260414SFP0DMGM,Đang chờ xử lý,229875838230187,2026-04-14 21:23:58,,2026-04-13 12:46:32,matkinhviendo.vn,1105707654,Preferred(CB),25119955820,Mắt kính cận có độ nam nữ nam VIENDO Đa Giác gọng mắt kính chống ánh sáng xanh tia uv đổi màu khi ra nắng cao cấp Gọng -0.5/-1.0,197384689729,Normal Product,,Phụ Kiện Thời Trang,Kính mắt,Gọng kính,149000,1,XTRA Comm,,110244,,20.00%,20000,3.50%,3858.54,23858.54,20000,3858.54,23858.54,,0,0.00%,0,100.00%,23858.54,Đang chờ xử lý,"Trạng thái của sản phẩm đang chờ xử lý, hoa hồng sẽ chỉ được thanh toán khi nó được hoàn thành",Đơn hàng từ các Shop khác nhau,Đã tồn tại,MuseStudio,aotodinhdaxanhdamdaitay,,,,Facebook
260414SE2R3E58,Đang chờ xử lý,229874118234849,2026-04-14 20:55:18,,2026-04-14 20:40:51,Thu Xinh Shop_01,423933850,Preferred(Non-CB),23627458835,quần  tăm thái lạnh  ống rộng dáng suông rủ co giãn cạp chun lưng cao có dây rút,231069576289,Normal Product,,Thời Trang Nữ,Quần,Quần dài,84000,1,Shopee Comm,,70955,,20.00%,10435,0.00%,0,10435,20000,0,20000,,0,0.00%,0,100.00%,20000,Đang chờ xử lý,"Trạng thái của sản phẩm đang chờ xử lý, hoa hồng sẽ chỉ được thanh toán khi nó được hoàn thành",Đơn hàng từ các Shop khác nhau,Đã tồn tại,dammaxi,,,,,Facebook
260414SE2R3E58,Đang chờ xử lý,229874118234849,2026-04-14 20:55:18,,2026-04-14 20:40:51,Thu Xinh Shop_01,423933850,Preferred(Non-CB),23627458835,quần  tăm thái lạnh  ống rộng dáng suông rủ co giãn cạp chun lưng cao có dây rút,221148635801,Normal Product,,Thời Trang Nữ,Quần,Quần dài,77000,1,Shopee Comm,,65045,,20.00%,9565,0.00%,0,9565,0,0,0,,0,0.00%,0,100.00%,0,Đang chờ xử lý,"Trạng thái của sản phẩm đang chờ xử lý, hoa hồng sẽ chỉ được thanh toán khi nó được hoàn thành",Đơn hàng từ các Shop khác nhau,Đã tồn tại,dammaxi,,,,,Facebook
260414SDQS6J4D,Đang chờ xử lý,229873750285759,2026-04-14 20:49:09,,2026-04-14 20:22:46,tatiho.shop,251444078,Preferred(Non-CB),28087129347,"Vòng Tay Nữ Đi Biển, Vòng Tay Chuỗi Hạt Vỏ Sò, Sao Biển Phong Cách Nàng Thơ Thời Trang Du Lịch Mùa Hè - Mã BH01",260456570286,Normal Product,,Phụ Kiện Thời Trang,Vòng tay & Lắc tay,,34650,1,XTRA Comm,,30344,,20.00%,6068.8,3.00%,910.32,6979.12,18206.8,2731.02,20937.82,,0,0.00%,0,100.00%,20937.82,Đang chờ xử lý,"Trạng thái của sản phẩm đang chờ xử lý, hoa hồng sẽ chỉ được thanh toán khi nó được hoàn thành",Đơn hàng từ các Shop khác nhau,Đã tồn tại,vaykhongtaycochuv,,,,,Facebook
260414SDQS6J4D,Đang chờ xử lý,229873750285759,2026-04-14 20:49:09,,2026-04-14 20:22:46,tatiho.shop,251444078,Preferred(Non-CB),40759421919,"Dây Chuyền Nữ, Vòng Cổ Đi Biển Hoạ Tiết Vỏ Sò Sao Biển Ngọt Ngào Thời Trang Mùa Hè Nhiều Mẫu - Mã DC01",260788945941,Normal Product,,Phụ Kiện Thời Trang,Dây chuyền,,44550,1,XTRA Comm,,39014,,20.00%,7802.8,3.00%,1170.42,8973.22,0,0,0,,0,0.00%,0,100.00%,0,Đang chờ xử lý,"Trạng thái của sản phẩm đang chờ xử lý, hoa hồng sẽ chỉ được thanh toán khi nó được hoàn thành",Đơn hàng từ các Shop khác nhau,Đã tồn tại,vaykhongtaycochuv,,,,,Facebook
260414SDQS6J4D,Đang chờ xử lý,229873750285759,2026-04-14 20:49:09,,2026-04-14 20:22:46,tatiho.shop,251444078,Preferred(Non-CB),40759421919,"Dây Chuyền Nữ, Vòng Cổ Đi Biển Hoạ Tiết Vỏ Sò Sao Biển Ngọt Ngào Thời Trang Mùa Hè Nhiều Mẫu - Mã DC01",260788945965,Normal Product,,Phụ Kiện Thời Trang,Dây chuyền,,24750,1,XTRA Comm,,21676,,20.00%,4335.2,3.00%,650.28,4985.48,0,0,0,,0,0.00%,0,100.00%,0,Đang chờ xử lý,"Trạng thái của sản phẩm đang chờ xử lý, hoa hồng sẽ chỉ được thanh toán khi nó được hoàn thành",Đơn hàng từ các Shop khác nhau,Đã tồn tại,vaykhongtaycochuv,,,,,Facebook
260414SCDRG3GF,Đang chờ xử lý,229872340264146,2026-04-14 20:25:41,,2026-04-13 22:36:56,2siro fashion shop,1137319592,Preferred(Non-CB),29262040566,"Đầm trễ vai, váy cổ yếm đen dáng dài bèo xẻ tà cho nàng đi chơi, du lịch",128054935049,Normal Product,,Thời Trang Nữ,Đầm,,420000,1,XTRA Comm,,293680,,20.00%,20000,4.00%,11747.2,31747.2,20000,11747.2,31747.2,,0,0.00%,0,100.00%,31747.2,Đang chờ xử lý,"Trạng thái của sản phẩm đang chờ xử lý, hoa hồng sẽ chỉ được thanh toán khi nó được hoàn thành",Đơn hàng từ các Shop khác nhau,Đã tồn tại,dammaxi,,,,,Others
260414SCBJTYAR,Đang chờ xử lý,229872267219834,2026-04-14 20:24:28,,2026-04-14 20:14:30,Côtưthêuthùa,164601361,C2C(Non-CB),22087863660,"Vải aida/ vải Poke Nga thêu len nổi, len xù",235876231074,Normal Product,,Thời Trang Nữ,Vải,Vải len,35000,3,XTRA Comm,,92400,,20.00%,18480,2.50%,2310,20790,18480,2310,20790,,0,0.00%,0,100.00%,20790,Đang chờ xử lý,"Trạng thái của sản phẩm đang chờ xử lý, hoa hồng sẽ chỉ được thanh toán khi nó được hoàn thành",Đơn hàng từ các Shop khác nhau,Đã tồn tại,dammaxi,,,,,Facebook
260414SBPHKN77,Đang chờ xử lý,229871561282503,2026-04-14 20:12:41,,2026-04-14 15:06:08,Đồ Câu Nguyễn Đức,637519651,C2C(Non-CB),50053834657,Bộ cần câu cá lure sói đen 1m65 1m8 2m1 và máy 200 tặng kèm phụ kiện như hình,249131198423,Normal Product,,Thể Thao & Dã Ngoại,Dụng Cụ Thể Thao & Dã Ngoại,Câu Cá,53900,1,Shopee Comm,,53900,,20.00%,10780,0.00%,0,10780,10780,0,10780,,0,0.00%,0,100.00%,10780,Đang chờ xử lý,"Trạng thái của sản phẩm đang chờ xử lý, hoa hồng sẽ chỉ được thanh toán khi nó được hoàn thành",Đơn hàng từ các Shop khác nhau,Đã tồn tại,MuseStudio,aotodinhdaxanhdamdaitay,,,,Facebook
260414SAJJFA0K,Đang chờ xử lý,229870354238148,2026-04-14 19:52:34,,2026-04-14 10:01:23,Cozy_home,1298086008,Preferred(Non-CB),24991902107,"Hộp 20 Khăn Lau Bếp Thấm Hút Đa Năng, Khăn Vải Lau Bếp, Lau Bát Đĩa Tái Sử Dụng",89133751430,Normal Product,,Nhà cửa & Đời sống,Dụng cụ chăm sóc nhà cửa,Khăn vệ sinh,78000,2,XTRA Comm,,156000,,20.00%,20000,3.00%,4680,24680,20000,4680,24680,,0,0.00%,0,100.00%,24680,Đang chờ xử lý,"Trạng thái của sản phẩm đang chờ xử lý, hoa hồng sẽ chỉ được thanh toán khi nó được hoàn thành",Đơn hàng từ các Shop khác nhau,Đã tồn tại,dammaxi,,,,,Others
260414S61JU5BU,Đang chờ xử lý,229865489220312,2026-04-14 18:31:30,,2026-04-14 11:38:00,Minh Anh Hair Store 19,1116866164,Preferred(Non-CB),22860809487,"Dầu gội xả Collagen Keratin Apple 2000ml | Giảm Rụng Tóc, Kích Mọc Tóc, Phục Hồi Tóc Hư Tổn Minh Anh Hair Stores",167944424287,Normal Product,,Sắc Đẹp,Chăm sóc tóc,Dầu gội,165000,1,XTRA Comm,,146850,,20.00%,20000,1.00%,1468.5,21468.5,20000,1468.5,21468.5,,0,0.00%,0,100.00%,21468.5,Đang chờ xử lý,"Trạng thái của sản phẩm đang chờ xử lý, hoa hồng sẽ chỉ được thanh toán khi nó được hoàn thành",Đơn hàng từ các Shop khác nhau,Đã tồn tại,MuseStudio,aotodinhdaxanhdamdaitay,,,,Facebook
260414S1UWMB48,Đang chờ xử lý,229861004249340,2026-04-14 17:16:48,,2026-04-14 14:02:39,BOSSEE ĐỒ DÙNG HỌC TẬP,1366207611,Preferred(Non-CB),27438340969,[Không xóa được] Hộp 50/30 Ống Mực Bossee Thay Bút Máy Viết Nhanh Khô Không Lem Dễ Thay Thế,128366602299,Normal Product,,Văn Phòng Phẩm,Bút Các Loại,Bút & Mực,39000,2,XTRA Comm,,72297,,20.00%,14459.4,1.00%,722.97,15182.37,14459.4,722.97,15182.37,,0,0.00%,0,100.00%,15182.37,Đang chờ xử lý,"Trạng thái của sản phẩm đang chờ xử lý, hoa hồng sẽ chỉ được thanh toán khi nó được hoàn thành",Đơn hàng từ các Shop khác nhau,Đã tồn tại,vaykhongtaycochuv,,,,,Facebook
260414S1FE18UA,Đang chờ xử lý,229860585237172,2026-04-14 17:09:45,,2026-04-14 17:06:19,ĐẠI NAM PHÁT- PHỤ KIỆN GYM,95946608,Preferred(Non-CB),17498695524,"Găng Tay SKDK 03 | Găng Tay Tập Gym Nam Nữ, Tập Thể Thao Chính Hãng",214691061438,Normal Product,,Thể Thao & Dã Ngoại,Phụ Kiện Thể Thao & Dã Ngoại,Đồ Bảo Hộ Gym,63350,1,XTRA Comm,,55860,,20.00%,11172,7.00%,3910.2,15082.2,11172,3910.2,15082.2,,0,0.00%,0,100.00%,15082.2,Đang chờ xử lý,"Trạng thái của sản phẩm đang chờ xử lý, hoa hồng sẽ chỉ được thanh toán khi nó được hoàn thành",Đơn hàng từ các Shop khác nhau,Đã tồn tại,vaykhongtaycochuv,,,,,Facebook
260414RYSUASGF,Đang chờ xử lý,229858787248291,2026-04-14 16:39:52,,2026-04-14 16:38:57,yakult.vn,928345174,C2C(CB),25458056384,🎀 yakult 🎀Dây Cột Tóc Vải Lưới Bản Lớn Thanh Lịch Cho Nữ,49389849828,Normal Product,,Phụ Kiện Thời Trang,Phụ kiện tóc,Đồ buộc tóc & Nơ,5890,1,XTRA Comm,,5890,,20.00%,1178,8.00%,471.2,1649.2,1178,471.2,1649.2,,0,0.00%,0,100.00%,1649.2,Đang chờ xử lý,"Trạng thái của sản phẩm đang chờ xử lý, hoa hồng sẽ chỉ được thanh toán khi nó được hoàn thành",Đơn hàng từ cùng một Shop,Đã tồn tại,MuseStudio,aotodinhdaxanhdamdaitay,,,,Others
260414RYS4D2GM,Đang chờ xử lý,229858763202890,2026-04-14 16:39:23,,2026-04-14 16:38:57,yakult.vn,928345174,C2C(CB),22281408239,🎀 yakult 🎀dây buộc tóc phụ kiện tóc scrunchies cột tóc Dây Buộc Tóc Màu Kem Cỡ Lớn Thiết Kế Xếp Ly Đơn Giản Thời Tran,194607189471,Normal Product,,Phụ Kiện Thời Trang,Phụ kiện tóc,Đồ buộc tóc & Nơ,4150,1,XTRA Comm,,4150,,20.00%,830,8.00%,332,1162,830,332,1162,,0,0.00%,0,100.00%,1162,Đang chờ xử lý,"Trạng thái của sản phẩm đang chờ xử lý, hoa hồng sẽ chỉ được thanh toán khi nó được hoàn thành",Đơn hàng từ cùng một Shop,Đã tồn tại,MuseStudio,aotodinhdaxanhdamdaitay,,,,Others
260414RYB5685Y,Đang chờ xử lý,229858294261830,2026-04-14 16:31:34,,2026-04-14 12:12:46,Thiên Đường Điện Tử HN,272296363,Preferred(Non-CB),28381876918,"[Quạt 50 Giờ Liên Tục] Quạt tích điện để bàn, kẹp bàn, kẹp xe đẩy, quạt mini F06 22000mAh 50 giờ liên tục, Có đèn",243067947970,Normal Product,,Điện Thoại & Phụ Kiện,Phụ kiện,Quạt USB & Quạt điện thoại,239000,1,XTRA Comm,,215100,,20.00%,20000,1.00%,2151,22151,20000,2151,22151,,0,0.00%,0,100.00%,22151,Đang chờ xử lý,"Trạng thái của sản phẩm đang chờ xử lý, hoa hồng sẽ chỉ được thanh toán khi nó được hoàn thành",Đơn hàng từ các Shop khác nhau,Đã tồn tại,dammaxi,,,,,Facebook
260414RTMRVWYG,Đang chờ xử lý,229853248216972,2026-04-14 15:07:28,,2026-04-14 15:03:26,Tưởng Vy Store,1597399364,Preferred(Non-CB),41860985527,"Quần Short Nữ Cạp Cao Bigsize Chất Umi, Co Giãn 4 Chiều , Dáng Ôm Tôn Dáng , Dễ Phối Đồ , Mặc Đi Chơi , Đi Biển",79575963767,Normal Product,,Thời Trang Nữ,Quần đùi,Quần đùi,129000,1,Shopee Comm,,113520,,20.00%,11315,0.00%,0,11315,20000,3049.2,23049.2,,0,0.00%,0,100.00%,23049.2,Đang chờ xử lý,"Trạng thái của sản phẩm đang chờ xử lý, hoa hồng sẽ chỉ được thanh toán khi nó được hoàn thành",Đơn hàng từ các Shop khác nhau,Đã tồn tại,vaykhongtaycochuv,,,,,Facebook
260414RTMRVWYG,Đang chờ xử lý,229853248216972,2026-04-14 15:07:28,,2026-04-14 15:03:26,Tưởng Vy Store,1597399364,Preferred(Non-CB),42478923827,"Quần Baggy Ống Rộng Nữ Lưng Thun Dáng Lửng, Chất Đũi Mềm Mát Mặc Mùa Hè Siêu Thoải Mái",330586197392,Normal Product,,Thời Trang Nữ,Quần,Quần dài,99000,1,XTRA Comm,,87120,,20.00%,8685,3.50%,3049.2,11734.2,0,0,0,,0,0.00%,0,100.00%,0,Đang chờ xử lý,"Trạng thái của sản phẩm đang chờ xử lý, hoa hồng sẽ chỉ được thanh toán khi nó được hoàn thành",Đơn hàng từ các Shop khác nhau,Đã tồn tại,vaykhongtaycochuv,,,,,Facebook
260414RSY7DM6J,Đang chờ xử lý,229852525246792,2026-04-14 14:55:29,,2026-04-14 14:52:25,L'Oreal Paris Official Store,37251933,Shopee Mall(Non-CB),54652830611,"[QUÀ TẶNG KHÔNG BÁN] Dầu xả ngăn ngừa & giảm gãy rụng tóc, giúp tóc chắc khỏe hơn L’oreal Paris Full Resist 80ml",380272566872,Normal Product,447794465288333_0_0,Sắc Đẹp,Chăm sóc tóc,Dầu xả,0,1,Shopee Comm,,0,,20.00%,0,0.00%,0,0,20000,5137.475,25137.475,,0,0.00%,0,100.00%,25137.475,Đang chờ xử lý,"Trạng thái của sản phẩm đang chờ xử lý, hoa hồng sẽ chỉ được thanh toán khi nó được hoàn thành",Đơn hàng từ các Shop khác nhau,Đã tồn tại,dammaxi,,,,,Facebook
260414RSY7DM6J,Đang chờ xử lý,229852525246792,2026-04-14 14:55:29,,2026-04-14 14:52:25,L'Oreal Paris Official Store,37251933,Shopee Mall(Non-CB),56255982474,[MỚI] Xịt serum ngăn ngừa & giảm gãy rụng tóc giúp tóc chắc khỏe L'Oreal Paris Full Resist Anti Hairfall 90ml,325542897323,Normal Product,447794465288333_0_0,Sắc Đẹp,Chăm sóc tóc,Sản phẩm dưỡng tóc,298999,1,XTRA Comm,,205499,,20.00%,20000,2.50%,5137.475,25137.475,0,0,0,,0,0.00%,0,100.00%,0,Đang chờ xử lý,"Trạng thái của sản phẩm đang chờ xử lý, hoa hồng sẽ chỉ được thanh toán khi nó được hoàn thành",Đơn hàng từ các Shop khác nhau,Đã tồn tại,dammaxi,,,,,Facebook
260414RS91XBBE,Đang chờ xử lý,229851782295562,2026-04-14 14:43:22,,2026-04-14 07:27:09,Đồ Chơi Giáo Dục HTT-STEM,1286728292,Shopee Mall(Non-CB),26906446415,Mô Hình Lắp Ráp Stem Cánh Tay Robot 4 Cấp Thủy Lực - Đồ Chơi Trẻ Em Diy Giáo Dục STEM,29817182741,Normal Product,,Mẹ & Bé,Đồ chơi,Đồ chơi lắp ráp,125000,1,XTRA Comm,,125000,,20.00%,20000,2.00%,2500,22500,20000,2500,22500,,0,0.00%,0,100.00%,22500,Đang chờ xử lý,"Trạng thái của sản phẩm đang chờ xử lý, hoa hồng sẽ chỉ được thanh toán khi nó được hoàn thành",Đơn hàng từ các Shop khác nhau,Đã tồn tại,vaykhongtaycochuv,,,,,Facebook
260414RQN0SSP4,Đang chờ xử lý,229850035278654,2026-04-14 14:13:55,,2026-04-14 14:12:46,The One Fashion,984313132,Preferred(Non-CB),22276431512,Quần Kaki Ông Rộng Dáng Lỡ Bản Cạp Cao Siêu Hách Dáng MA299,196945908303,Normal Product,,Thời Trang Nữ,Quần,Quần dài,95000,1,XTRA Comm,,95000,,20.00%,19000,1.50%,1425,20425,19000,1425,20425,,0,0.00%,0,100.00%,20425,Đang chờ xử lý,"Trạng thái của sản phẩm đang chờ xử lý, hoa hồng sẽ chỉ được thanh toán khi nó được hoàn thành",Đơn hàng từ các Shop khác nhau,Đã tồn tại,MuseStudio,aotodinhdaxanhdamdaitay,,,,Facebook
260414RQ48UFYP,Đang chờ xử lý,229849474298134,2026-04-14 14:04:54,,2026-04-14 12:58:10,Thocsun Sport,54402867,Preferred(Non-CB),56952222403,"[Váy pickleball] Chân váy nữ tennis, golf, cầu lông, pickleball QC mềm thoáng mát thoải mái vận động",234617914931,Normal Product,,Thời Trang Nữ,Váy,,322050,1,XTRA Comm,,312050,,20.00%,20000,1.00%,3120.5,23120.5,20000,3120.5,23120.5,,0,0.00%,0,100.00%,23120.5,Đang chờ xử lý,"Trạng thái của sản phẩm đang chờ xử lý, hoa hồng sẽ chỉ được thanh toán khi nó được hoàn thành",Đơn hàng từ các Shop khác nhau,Đã tồn tại,vaykhongtaycochuv,,,,,Others
260414RP68EBSV,Đang chờ xử lý,229848466224071,2026-04-14 13:47:47,,2026-04-13 21:30:13,HUSEN SHOP,1473069187,Preferred(Non-CB),40371325629,Khay đựng bàn chải Kệ đựng kem đánh răng dán tường hình chim cánh cụt Việt Nhật SAM HOUSE K655,306740296868,Normal Product,,Nhà cửa & Đời sống,Đồ dùng phòng tắm,"Kệ đựng bàn chải, kệ nhả kem đánh răng",29640,1,XTRA Comm,,29640,,20.00%,5928,1.00%,296.4,6224.4,5928,296.4,6224.4,,0,0.00%,0,100.00%,6224.4,Đang chờ xử lý,"Trạng thái của sản phẩm đang chờ xử lý, hoa hồng sẽ chỉ được thanh toán khi nó được hoàn thành",Đơn hàng từ các Shop khác nhau,Đã tồn tại,dammaxi,,,,,Facebook
260414RMDBWMUH,Đang chờ xử lý,229846557277673,2026-04-14 13:15:58,,2026-04-14 09:51:57,Chị Mắt To,1319478234,C2C(Non-CB),49255497885,Combo mix keo gel trong 2-3s siêu bền CMT dùng được mọi thời tiết,297371679800,Normal Product,,Sắc Đẹp,Dụng cụ làm đẹp,Dụng cụ trang điểm,210000,1,XTRA Comm,,199500,,20.00%,20000,7.50%,14962.5,34962.5,20000,14962.5,34962.5,,0,0.00%,0,100.00%,34962.5,Đang chờ xử lý,"Trạng thái của sản phẩm đang chờ xử lý, hoa hồng sẽ chỉ được thanh toán khi nó được hoàn thành",Đơn hàng từ các Shop khác nhau,Đã tồn tại,MuseStudio,aotodinhdaxanhdamdaitay,,,,Facebook
260414RJ9FDQ2Y,Đang chờ xử lý,229844279244646,2026-04-14 12:38:03,,2026-04-09 05:58:11,chikairuivn,1295319134,C2C(CB),49458181081,C C C giật mình Con gián nhai kẹo cao su Prank Đồ chơi đáng sợ ngộ nghĩnh Quà tặng ngày cá tháng tư,335724440569,Normal Product,447817986949237_0_0,Sở thích & Sưu tầm,Đồ chơi - Giải trí,Đồ chơi chọc ghẹo,0,1,Shopee Comm,,0,,20.00%,0,0.00%,0,0,18519.2,0,18519.2,,0,0.00%,0,100.00%,18519.2,Đang chờ xử lý,"Trạng thái của sản phẩm đang chờ xử lý, hoa hồng sẽ chỉ được thanh toán khi nó được hoàn thành",Đơn hàng từ các Shop khác nhau,Đã tồn tại,MuseStudio,aotovoandinhhoa,,,,Others
260414RJ9FDQ2Y,Đang chờ xử lý,229844279244646,2026-04-14 12:38:03,,2026-04-09 05:58:11,chikairuivn,1295319134,C2C(CB),57207598354,【Fast shipping】Crayon Shin chan prank nước phun đồ chơi nhại lại đồ chơi mới lạ hoạt hình dễ thương,380676415020,Normal Product,447817986949237_0_0,Sở thích & Sưu tầm,Đồ chơi - Giải trí,Đồ chơi chọc ghẹo,95460,1,Shopee Comm,,92596,,20.00%,18519.2,0.00%,0,18519.2,0,0,0,,0,0.00%,0,100.00%,0,Đang chờ xử lý,"Trạng thái của sản phẩm đang chờ xử lý, hoa hồng sẽ chỉ được thanh toán khi nó được hoàn thành",Đơn hàng từ các Shop khác nhau,Đã tồn tại,MuseStudio,aotovoandinhhoa,,,,Others
260414RH9VH1G2,Đang chờ xử lý,229843219249900,2026-04-14 12:20:23,,2026-04-14 07:09:03,Nhà Ưng,592785391,Preferred(Non-CB),48354459173,"Kẹp gắp đồ nóng inox 304 , kẹp gắp với mút silicon chống trượt gắp chén dĩa nóng tiện lợi",292324050809,Normal Product,,Nhà cửa & Đời sống,Dụng cụ nhà bếp,Cây vét bột & đồ gắp thức ăn,18129,1,XTRA Comm,,18129,,20.00%,3625.8,1.00%,181.29,3807.09,3625.8,181.29,3807.09,,0,0.00%,0,100.00%,3807.09,Đang chờ xử lý,"Trạng thái của sản phẩm đang chờ xử lý, hoa hồng sẽ chỉ được thanh toán khi nó được hoàn thành",Đơn hàng từ các Shop khác nhau,Đã tồn tại,MuseStudio,aotodinhdaxanhdamdaitay,,,,Facebook
260414RF6F93T2,Đang chờ xử lý,229840957208626,2026-04-14 11:42:37,,2026-04-13 18:08:50,Siêu rẻ 1996,180773508,Preferred(Non-CB),21165495649,Nón kết kaki phối lưới chữ thể thao ngoài trời thoáng mát cá tính nam nữ,165219887336,Normal Product,,Phụ Kiện Thời Trang,Mũ,,64900,1,XTRA Comm,,64900,,20.00%,12980,1.50%,973.5,13953.5,12980,973.5,13953.5,,0,0.00%,0,100.00%,13953.5,Đang chờ xử lý,"Trạng thái của sản phẩm đang chờ xử lý, hoa hồng sẽ chỉ được thanh toán khi nó được hoàn thành",Đơn hàng từ các Shop khác nhau,Đã tồn tại,MuseStudio,aotodinhdaxanhdamdaitay,,,,Facebook
260414RE82JHQU,Đang chờ xử lý,229839937244811,2026-04-14 11:25:41,,2026-04-14 11:21:24,CHIP HOUSES,206259037,Shopee Mall(Non-CB),27585194828,Áo Lót Áo Bra Nữ Chất Su Mỏng Không Gọng Mút Giọt Nước Dày 3CM Thoáng Khí Không Lộ Viền AN048,39906630686,Normal Product,,Thời Trang Nữ,Đồ lót,Áo ngực,115000,1,XTRA Comm,,110000,,20.00%,10000,6.00%,6600,16600,20000,13200,33200,,0,0.00%,0,100.00%,33200,Đang chờ xử lý,"Trạng thái của sản phẩm đang chờ xử lý, hoa hồng sẽ chỉ được thanh toán khi nó được hoàn thành",Đơn hàng từ cùng một Shop,Đã tồn tại,dammaxi,,,,,Others
260414RE82JHQU,Đang chờ xử lý,229839937244811,2026-04-14 11:25:41,,2026-04-14 11:21:24,CHIP HOUSES,206259037,Shopee Mall(Non-CB),27585194828,Áo Lót Áo Bra Nữ Chất Su Mỏng Không Gọng Mút Giọt Nước Dày 3CM Thoáng Khí Không Lộ Viền AN048,258317361761,Normal Product,,Thời Trang Nữ,Đồ lót,Áo ngực,115000,1,XTRA Comm,,110000,,20.00%,10000,6.00%,6600,16600,0,0,0,,0,0.00%,0,100.00%,0,Đang chờ xử lý,"Trạng thái của sản phẩm đang chờ xử lý, hoa hồng sẽ chỉ được thanh toán khi nó được hoàn thành",Đơn hàng từ cùng một Shop,Đã tồn tại,dammaxi,,,,,Others
260414RCYV3H02,Đang chờ xử lý,229838588286519,2026-04-14 11:03:08,,2026-04-14 10:40:26,CH StoreThời TrangBé,466221748,C2C(Non-CB),28115475915,"Áo khoác chất nỉ bông 14-48kg cho cả bé trai và bé gái mẫu R. Áo khoác bé trai, Áo khoác bé gái, Áo Khoác giữ ấm - A07",226931893956,Normal Product,,Thời trang trẻ em & trẻ sơ sinh,Quần áo trẻ em,Áo khoác mùa đông,119000,1,Shopee Comm,,119000,,0.00%,0,0.00%,0,0,0,0,0,,0,0.00%,0,100.00%,0,Đang chờ xử lý,"Trạng thái của sản phẩm đang chờ xử lý, hoa hồng sẽ chỉ được thanh toán khi nó được hoàn thành",Đơn hàng từ các Shop khác nhau,Đã tồn tại,MuseStudio,aotodinhdaxanhdamdaitay,,,,Others
260414RCTJA4A9,Đang chờ xử lý,229838410244827,2026-04-14 11:00:15,,2026-04-13 00:05:24,Chinchin_babyshop,104301822,Preferred(Non-CB),28856166740,Váy xanh dáng dài chân phồng bé gái,197675281238,Normal Product,,Thời trang trẻ em & trẻ sơ sinh,Quần áo bé gái,Váy,95000,1,XTRA Comm,,85207,,0.00%,0,1.00%,852.07,852.07,0,1740,1740,,0,0.00%,0,100.00%,1740,Đang chờ xử lý,"Trạng thái của sản phẩm đang chờ xử lý, hoa hồng sẽ chỉ được thanh toán khi nó được hoàn thành",Đơn hàng từ các Shop khác nhau,Đã tồn tại,MuseStudio,aotodinhdaxanhdamdaitay,,,,Facebook
260414RCTJA4A9,Đang chờ xử lý,229838410244827,2026-04-14 11:00:15,,2026-04-13 00:05:24,Chinchin_babyshop,104301822,Preferred(Non-CB),45507121074,Bộ áo đen Scooby doo cho bé,430633136653,Normal Product,,Thời trang trẻ em & trẻ sơ sinh,Quần áo bé gái,Com lê & đồ bộ,99000,1,XTRA Comm,,88793,,0.00%,0,1.00%,887.93,887.93,0,0,0,,0,0.00%,0,100.00%,0,Đang chờ xử lý,"Trạng thái của sản phẩm đang chờ xử lý, hoa hồng sẽ chỉ được thanh toán khi nó được hoàn thành",Đơn hàng từ các Shop khác nhau,Đã tồn tại,MuseStudio,aotodinhdaxanhdamdaitay,,,,Facebook
260414RCADC8BF,Đang chờ xử lý,229837868208206,2026-04-14 10:51:08,,2026-04-14 10:44:40,H&L BOUTIQUE.VN,379851800,Shopee Mall(Non-CB),5688480594,Thước dây đo eo HLBOUTIQUE,196129005757,Normal Product,443795016069627_0_0,Nhà cửa & Đời sống,Dụng cụ & Thiết bị tiện ích,Dụng cụ,0,1,XTRA Comm,,0,,20.00%,0,6.00%,0,0,16908,5072.4,21980.4,,0,0.00%,0,100.00%,21980.4,Đang chờ xử lý,"Trạng thái của sản phẩm đang chờ xử lý, hoa hồng sẽ chỉ được thanh toán khi nó được hoàn thành",Đơn hàng từ các Shop khác nhau,Đã tồn tại,vaykhongtaycochuv,,,,,Facebook
260414RCADC8BF,Đang chờ xử lý,229837868208206,2026-04-14 10:51:08,,2026-04-14 10:44:40,H&L BOUTIQUE.VN,379851800,Shopee Mall(Non-CB),47450299293,"Mũ Trùm Phối Tai Mèo Chống Nắng Mưa, Nón Chống Nắng Đa Năng Có Thể Làm Túi Đeo Chéo HL BOUTIQUE N969",277098032264,Normal Product,443795016069627_0_0,Phụ Kiện Thời Trang,Mũ,,44000,2,XTRA Comm,,84540,,20.00%,16908,6.00%,5072.4,21980.4,0,0,0,,0,0.00%,0,100.00%,0,Đang chờ xử lý,"Trạng thái của sản phẩm đang chờ xử lý, hoa hồng sẽ chỉ được thanh toán khi nó được hoàn thành",Đơn hàng từ các Shop khác nhau,Đã tồn tại,vaykhongtaycochuv,,,,,Facebook
260414RC73KDTN,Đang chờ xử lý,229837757283443,2026-04-14 10:49:17,,2026-04-14 10:47:19,Thanh Tâm Boutique.,230640639,C2C(Non-CB),5833239707,Combo quần đùi đũi khoá thật chất kaki - quần đùi nữ ống rộng mùa hè siêu mát thanh tâm boutique,187529672408,Normal Product,,Thời Trang Nữ,Quần đùi,Quần đùi,119000,1,XTRA Comm,,119000,,20.00%,20000,1.00%,1190,21190,20000,1190,21190,,0,0.00%,0,100.00%,21190,Đang chờ xử lý,"Trạng thái của sản phẩm đang chờ xử lý, hoa hồng sẽ chỉ được thanh toán khi nó được hoàn thành",Đơn hàng từ các Shop khác nhau,Đã tồn tại,dammaxi,,,,,Others
260414RC1DCA3T,Đang chờ xử lý,229837566213817,2026-04-14 10:46:06,,2026-04-14 09:27:16,TAKORA_SHOP,60800445,Preferred(Non-CB),4241189146,"Nồi lẩu điện mini Chigo đa năng 1,8 lít chống dính 2 tầng, 2 nấc nhiệt nấu lẩu mì chiên xào luộc hấp",68829980574,Normal Product,,Thiết Bị Điện Gia Dụng,Đồ gia dụng nhà bếp,Nồi nấu đa năng,279000,1,Shopee Comm,,179362,,20.00%,20000,0.00%,0,20000,20000,0,20000,,0,0.00%,0,100.00%,20000,Đang chờ xử lý,"Trạng thái của sản phẩm đang chờ xử lý, hoa hồng sẽ chỉ được thanh toán khi nó được hoàn thành",Đơn hàng từ các Shop khác nhau,Đã tồn tại,dammaxi,,,,,Others
260414R9MWBH1B,Đang chờ xử lý,229834999272500,2026-04-14 10:03:20,,2026-04-13 22:06:10,Kho Sỉ 88 Lào Cai,15300453,Preferred(Non-CB),8174598737,(Có sẵn - 24cm) Mô hình Broly cực nét - Figure Broly Dragon Ball Z,56270621087,Normal Product,,Sở thích & Sưu tầm,Đồ Sưu Tầm,Mô hình nhân vật,108000,1,XTRA Comm,,108000,,20.00%,20000,1.00%,1080,21080,20000,1080,21080,,0,0.00%,0,100.00%,21080,Đang chờ xử lý,"Trạng thái của sản phẩm đang chờ xử lý, hoa hồng sẽ chỉ được thanh toán khi nó được hoàn thành",Đơn hàng từ các Shop khác nhau,Đã tồn tại,MuseStudio,aotodinhdaxanhdamdaitay,,,,Facebook
260414R91N9TCK,Đang chờ xử lý,229834354291243,2026-04-14 09:52:54,,2026-04-13 07:17:34,Xưởng May Hoài An,105072171,C2C(Non-CB),14439601977,Quần Short Nữ Cạp Cao Vải Tuyết Mưa Sang Chảnh – Mã 022,86650928487,Normal Product,,Thời Trang Nữ,Quần đùi,Quần đùi,69000,1,XTRA Comm,,69000,,20.00%,10000,1.00%,690,10690,20000,1380,21380,,0,0.00%,0,100.00%,21380,Đang chờ xử lý,"Trạng thái của sản phẩm đang chờ xử lý, hoa hồng sẽ chỉ được thanh toán khi nó được hoàn thành",Đơn hàng từ các Shop khác nhau,Đã tồn tại,MuseStudio,aotodinhdaxanhdamdaitay,,,,Facebook
260414R91N9TCK,Đang chờ xử lý,229834354291243,2026-04-14 09:52:54,,2026-04-13 07:17:34,Xưởng May Hoài An,105072171,C2C(Non-CB),14439601977,Quần Short Nữ Cạp Cao Vải Tuyết Mưa Sang Chảnh – Mã 022,86650928494,Normal Product,,Thời Trang Nữ,Quần đùi,Quần đùi,69000,1,XTRA Comm,,69000,,20.00%,10000,1.00%,690,10690,0,0,0,,0,0.00%,0,100.00%,0,Đang chờ xử lý,"Trạng thái của sản phẩm đang chờ xử lý, hoa hồng sẽ chỉ được thanh toán khi nó được hoàn thành",Đơn hàng từ các Shop khác nhau,Đã tồn tại,MuseStudio,aotodinhdaxanhdamdaitay,,,,Facebook
260414R8N4QXBM,Đang chờ xử lý,229833933277111,2026-04-14 09:45:34,,2026-04-13 23:06:33,Ngọc Trinh Store🍀👠,871900235,Preferred(Non-CB),44111136855,Dép cao gót nữ 4 cm NGỌC TRINH STORE quai hoa nhí phối ren tiểu thư sang chảnh _MÃ 013_ L2A.,290934230780,Normal Product,,Giày Dép Nữ,Xăng-đan và dép,Khác,114296,1,XTRA Comm,,85125,,20.00%,17025,2.50%,2128.125,19153.125,17025,2128.125,19153.125,,0,0.00%,0,100.00%,19153.125,Đang chờ xử lý,"Trạng thái của sản phẩm đang chờ xử lý, hoa hồng sẽ chỉ được thanh toán khi nó được hoàn thành",Đơn hàng từ các Shop khác nhau,Đã tồn tại,dammaxi,,,,,Others
260414R6VQDWM8,Đang chờ xử lý,229832040266573,2026-04-14 09:14:01,,2026-04-13 20:06:30,HaMaJapan ( Hà Mã Shop ),760215,Preferred(Non-CB),24829877307,TÚI BÁN NGUYỆT TAG VN - CHUẨN STORE,360180938289,Normal Product,,Túi Ví Nữ,Túi đeo chéo & Túi đeo vai,,320000,1,Shopee Comm,,265600,,20.00%,14096,0.00%,0,14096,20000,0,20000,,0,0.00%,0,100.00%,20000,Đang chờ xử lý,"Trạng thái của sản phẩm đang chờ xử lý, hoa hồng sẽ chỉ được thanh toán khi nó được hoàn thành",Đơn hàng từ các Shop khác nhau,Đã tồn tại,vaykhongtaycochuv,,,,,Facebook
260414R6VQDWM8,Đang chờ xử lý,229832040266573,2026-04-14 09:14:01,,2026-04-13 20:06:30,HaMaJapan ( Hà Mã Shop ),760215,Preferred(Non-CB),29535878649,KHẨU TRANG VJC - BRAND BÌNH DÂN CHẤT LIỆU ĐẸP MÁT - CHỐNG UV TỐT,224207589217,Normal Product,,Phụ Kiện Thời Trang,Phụ kiện thêm,Khẩu trang thời trang,67000,1,Shopee Comm,,55610,,20.00%,2951,0.00%,0,2951,0,0,0,,0,0.00%,0,100.00%,0,Đang chờ xử lý,"Trạng thái của sản phẩm đang chờ xử lý, hoa hồng sẽ chỉ được thanh toán khi nó được hoàn thành",Đơn hàng từ các Shop khác nhau,Đã tồn tại,vaykhongtaycochuv,,,,,Facebook
260414R6VQDWM8,Đang chờ xử lý,229832040266573,2026-04-14 09:14:01,,2026-04-13 20:06:30,HaMaJapan ( Hà Mã Shop ),760215,Preferred(Non-CB),29535878649,KHẨU TRANG VJC - BRAND BÌNH DÂN CHẤT LIỆU ĐẸP MÁT - CHỐNG UV TỐT,224207589219,Normal Product,,Phụ Kiện Thời Trang,Phụ kiện thêm,Khẩu trang thời trang,67000,1,Shopee Comm,,55610,,20.00%,2953,0.00%,0,2953,0,0,0,,0,0.00%,0,100.00%,0,Đang chờ xử lý,"Trạng thái của sản phẩm đang chờ xử lý, hoa hồng sẽ chỉ được thanh toán khi nó được hoàn thành",Đơn hàng từ các Shop khác nhau,Đã tồn tại,vaykhongtaycochuv,,,,,Facebook
260414R6FD2F6J,Đang chờ xử lý,229831593206484,2026-04-14 09:06:33,,2026-04-13 21:49:00,Xưởng May Song Anh,151578259,Preferred(Non-CB),26652914902,[Combo 2 quần] Quần Ống Rộng Chất Đũi Cạp Chun Lưng Cao dài 100-104cm phong cách nhật bản Lên Dáng Siêu Xinh,226446568685,Normal Product,,Thời Trang Nữ,Quần,Quần dài,139000,1,XTRA Comm,,107070,,20.00%,20000,3.50%,3747.45,23747.45,20000,3747.45,23747.45,,0,0.00%,0,100.00%,23747.45,Đang chờ xử lý,"Trạng thái của sản phẩm đang chờ xử lý, hoa hồng sẽ chỉ được thanh toán khi nó được hoàn thành",Đơn hàng từ các Shop khác nhau,Đã tồn tại,MuseStudio,aotodinhdaxanhdamdaitay,,,,Facebook
260414R5PV96KB,Đang chờ xử lý,229830770286795,2026-04-14 08:52:50,,2026-04-14 07:34:25,Dentific Official Store,1031716377,Shopee Mall(Non-CB),45704130045,Nước Súc Miệng Valentine Combo 10 gói nước súc miệng hương đào mọng Dentific Peach Bad Breath Mouthwash 130ml,435417714543,Normal Product,442109270765802_0_0,Sức Khỏe,Chăm sóc cá nhân,Vệ sinh răng miệng,0,1,XTRA Comm,,0,,20.00%,0,2.50%,0,0,20000,6048,26048,,0,0.00%,0,100.00%,26048,Đang chờ xử lý,"Trạng thái của sản phẩm đang chờ xử lý, hoa hồng sẽ chỉ được thanh toán khi nó được hoàn thành",Đơn hàng từ các Shop khác nhau,Đã tồn tại,dammaxi,,,,,Facebook
260414R5PV96KB,Đang chờ xử lý,229830770286795,2026-04-14 08:52:50,,2026-04-14 07:34:25,Dentific Official Store,1031716377,Shopee Mall(Non-CB),22973947528,Kem đánh răng Dentific Hỗ trợ làm trắng và làm sạch răng miệng 100g ngọc trai trắng răng,310418286627,Normal Product,442109270765802_0_0,Sức Khỏe,Chăm sóc cá nhân,Vệ sinh răng miệng,244000,1,XTRA Comm,,201600,,20.00%,20000,3.00%,6048,26048,0,0,0,,0,0.00%,0,100.00%,0,Đang chờ xử lý,"Trạng thái của sản phẩm đang chờ xử lý, hoa hồng sẽ chỉ được thanh toán khi nó được hoàn thành",Đơn hàng từ các Shop khác nhau,Đã tồn tại,dammaxi,,,,,Facebook
260414R5HU24GT,Đang chờ xử lý,229830601233700,2026-04-14 08:50:01,,2026-04-13 12:42:03,GREENSINDOOR Home Store,1578882475,C2C(Non-CB),27193988740,"Cây Lau Nhà Tự Vắt GREENSINDOOR, Chổi Lau Nhà Tự Vắt Thông Minh Xoay 360 Độ, 1 Bông Lau",420410311503,Normal Product,,Nhà cửa & Đời sống,Dụng cụ chăm sóc nhà cửa,Cây lau nhà,172900,1,XTRA Comm,,150941,,20.00%,20000,1.50%,2264.115,22264.115,20000,2264.115,22264.115,,0,0.00%,0,100.00%,22264.115,Đang chờ xử lý,"Trạng thái của sản phẩm đang chờ xử lý, hoa hồng sẽ chỉ được thanh toán khi nó được hoàn thành",Đơn hàng từ các Shop khác nhau,Đã tồn tại,MuseStudio,aotodinhdaxanhdamdaitay,,,,Facebook
260414R414QE0A,Đang chờ xử lý,229828967209531,2026-04-14 08:22:48,,2026-04-14 05:33:39,TIỆN ÍCH DỄ THƯƠNG ,162262938,C2C(Non-CB),41561857967,"Bộ 4 Dụng cụ nhà bếp làm bánh chế biến đồ thức ăn thực phẩm, Đồ gắp thức ăn đánh trứng quét dầu L30",188632773033,Normal Product,,Nhà cửa & Đời sống,Dụng cụ nhà bếp,Khác,76000,1,XTRA Comm,,47076,,20.00%,9415.2,1.50%,706.14,10121.34,9415.2,706.14,10121.34,,0,0.00%,0,100.00%,10121.34,Đang chờ xử lý,"Trạng thái của sản phẩm đang chờ xử lý, hoa hồng sẽ chỉ được thanh toán khi nó được hoàn thành",Đơn hàng từ các Shop khác nhau,Đã tồn tại,MuseStudio,aotodinhdaxanhdamdaitay,,,,Facebook
260414R414QE09,Đang chờ xử lý,229828967209531,2026-04-14 08:22:48,,2026-04-14 05:33:39,Huyền Cảnh Kids,920088324,Preferred(Non-CB),29326174281,"Bộ quần áo SHOHOKU SỐ 10 chất cotton mềm, mịn form size chuẩn từ 7-35kg",138214987940,Normal Product,,Thời trang trẻ em & trẻ sơ sinh,Quần áo bé trai,Com lê & đồ bộ,65000,1,XTRA Comm,,55249,,0.00%,0,3.00%,1657.47,1657.47,0,2592.47,2592.47,,0,0.00%,0,100.00%,2592.47,Đang chờ xử lý,"Trạng thái của sản phẩm đang chờ xử lý, hoa hồng sẽ chỉ được thanh toán khi nó được hoàn thành",Đơn hàng từ các Shop khác nhau,Đã tồn tại,MuseStudio,aotodinhdaxanhdamdaitay,,,,Facebook
260414R414QE09,Đang chờ xử lý,229828967209531,2026-04-14 08:22:48,,2026-04-14 05:33:39,Huyền Cảnh Kids,920088324,Preferred(Non-CB),26776185148,"Bộ quần áo 3 lỗ thể thao bóng rổ, siêu nhân chất liệu cotton cho bé từ 7-35kg",176966307837,Normal Product,,Thời trang trẻ em & trẻ sơ sinh,Quần áo bé trai,Com lê & đồ bộ,55000,1,XTRA Comm,,46750,,0.00%,0,2.00%,935,935,0,0,0,,0,0.00%,0,100.00%,0,Đang chờ xử lý,"Trạng thái của sản phẩm đang chờ xử lý, hoa hồng sẽ chỉ được thanh toán khi nó được hoàn thành",Đơn hàng từ các Shop khác nhau,Đã tồn tại,MuseStudio,aotodinhdaxanhdamdaitay,,,,Facebook
260414R414QE08,Đang chờ xử lý,229828967209531,2026-04-14 08:22:48,,2026-04-14 05:33:39,GIA DỤNG ĐỨC MẠNH,1088554236,C2C(Non-CB),25164304497,"(siêu rẻ )Set 250 Đế Cốc Chén Khuôn giấy bạc nướng thực phẩm, nướng bánh, nướng hàu",222528164801,Normal Product,,Nhà cửa & Đời sống,Dụng cụ nhà bếp,Giấy bạc,30500,1,Shopee Comm,,25924,,20.00%,5184.8,0.00%,0,5184.8,5184.8,0,5184.8,,0,0.00%,0,100.00%,5184.8,Đang chờ xử lý,"Trạng thái của sản phẩm đang chờ xử lý, hoa hồng sẽ chỉ được thanh toán khi nó được hoàn thành",Đơn hàng từ các Shop khác nhau,Đã tồn tại,MuseStudio,aotodinhdaxanhdamdaitay,,,,Facebook
260414R414QE07,Đang chờ xử lý,229828967209531,2026-04-14 08:22:48,,2026-04-14 05:33:39,Sale Minimart,257603387,Preferred(Non-CB),21566424068,Combo 2 Set 50 Miếng Giấy Lót Nồi Chiên Hình Khuôn Bánh - Giảm Thiểu Tối Đa Dầu Mỡ Bám Vào Nồi Chiên(có vỉ),127210406294,Normal Product,,Nhà cửa & Đời sống,Dụng cụ nhà bếp,Lò nướng & phụ kiện,12999,1,XTRA Comm,,11052,,20.00%,2210.4,1.00%,110.52,2320.92,2210.4,110.52,2320.92,,0,0.00%,0,100.00%,2320.92,Đang chờ xử lý,"Trạng thái của sản phẩm đang chờ xử lý, hoa hồng sẽ chỉ được thanh toán khi nó được hoàn thành",Đơn hàng từ các Shop khác nhau,Đã tồn tại,MuseStudio,aotodinhdaxanhdamdaitay,,,,Facebook
260414R1P0J3DC,Đang chờ xử lý,229826446253868,2026-04-14 07:40:47,,2026-04-14 07:40:02,HALOMI COSMETICS ACCESSORIES,30225844,Preferred(Non-CB),996999473,Khay Dụng Cụ Trộn Nền Bằng Thép Sáng Chính Hãng Chống Gỉ Kèm Cây Trộn,51349445719,Normal Product,,Sắc Đẹp,Dụng cụ làm đẹp,Dụng cụ trang điểm,49000,1,XTRA Comm,,49000,,20.00%,9800,2.00%,980,10780,9800,980,10780,,0,0.00%,0,100.00%,10780,Đang chờ xử lý,"Trạng thái của sản phẩm đang chờ xử lý, hoa hồng sẽ chỉ được thanh toán khi nó được hoàn thành",Đơn hàng từ cùng một Shop,Đã tồn tại,dammaxi,,,,,Others
260414R13QXWDC,Đang chờ xử lý,229825833251174,2026-04-14 07:30:34,,2026-04-14 06:19:03,Huỳnh đỗ cosmetic,703797239,C2C(Non-CB),14581984761,body  cao cấp  huỳnh  đỗ,116529955808,Normal Product,,Sắc Đẹp,Chăm sóc da mặt,Kem dưỡng ẩm,167200,1,Shopee Comm,,167200,,20.00%,20000,0.00%,0,20000,20000,0,20000,,0,0.00%,0,100.00%,20000,Đang chờ xử lý,"Trạng thái của sản phẩm đang chờ xử lý, hoa hồng sẽ chỉ được thanh toán khi nó được hoàn thành",Đơn hàng từ các Shop khác nhau,Đã tồn tại,MuseStudio,aotodinhdaxanhdamdaitay,,,,Facebook
260414R0KDBR3U,Đang chờ xử lý,229825285278759,2026-04-14 07:21:25,,2026-04-13 22:57:25,Cây Rơm Cosmetics & Beauty,633912927,C2C(Non-CB),47905646544,"Serum HEALIC Toning Active Ampoule 50ml làm sáng da và dưỡng ẩm cho da tối màu, làm mờ đốm nám | Cây Rơm Cosmetics",370508568540,Normal Product,,Sắc Đẹp,Chăm sóc da mặt,Tinh chất dưỡng,289000,1,XTRA Comm,,234030,,20.00%,20000,1.00%,2340.3,22340.3,20000,2340.3,22340.3,,0,0.00%,0,100.00%,22340.3,Đang chờ xử lý,"Trạng thái của sản phẩm đang chờ xử lý, hoa hồng sẽ chỉ được thanh toán khi nó được hoàn thành",Đơn hàng từ các Shop khác nhau,Đã tồn tại,dammaxi,,,,,Facebook
260414QW6NCF8R,Đang chờ xử lý,229821636252868,2026-04-14 06:20:36,,2026-04-14 06:08:58,Xuka Bikini,877138031,Preferred(Non-CB),25416650233,"Đồ bơi liền thân nữ váy, bikini kín đáo dây khóa kéo kiểu dáng thể thao Xuka",255408762525,Normal Product,,Thể Thao & Dã Ngoại,Thời Trang Thể Thao & Dã Ngoại,Đồ Bơi,169000,1,Shopee Comm,,141389,,20.00%,20000,0.00%,0,20000,20000,0,20000,,0,0.00%,0,100.00%,20000,Đang chờ xử lý,"Trạng thái của sản phẩm đang chờ xử lý, hoa hồng sẽ chỉ được thanh toán khi nó được hoàn thành",Đơn hàng từ các Shop khác nhau,Đã tồn tại,MuseStudio,aotodinhdaxanhdamdaitay,,,,Facebook
260414QVDN823X,Đang chờ xử lý,229820797241250,2026-04-14 06:06:41,,2026-04-13 23:12:36,FULLI - ĐỒ BỘ CHO BÉ,283823584,C2C(Non-CB),28437565090,[4-10kg] Đồ bộ bé gái mặc nhà tay dài quần dài vải xốp mềm mát dễ thương,285375443782,Normal Product,,Thời trang trẻ em & trẻ sơ sinh,Quần áo bé gái,Đồ ngủ,46300,1,Shopee Comm,,46300,,0.00%,0,0.00%,0,0,0,0,0,,0,0.00%,0,100.00%,0,Đang chờ xử lý,"Trạng thái của sản phẩm đang chờ xử lý, hoa hồng sẽ chỉ được thanh toán khi nó được hoàn thành",Đơn hàng từ các Shop khác nhau,Đã tồn tại,MuseStudio,chanvayrendai,,,,Facebook
260414QU5CTTDA,Đang chờ xử lý,229819446246915,2026-04-14 05:44:10,,2026-04-08 16:48:46,Yopick.vn,1121182362,Preferred(CB),24186066895,Ốp Điện Thoại Da Quái Vật Dễ Thương Cho IPhone 16 11 12mini 13Pro Max 14Plus 15Pro XR XS Max 7 8 Plus SE2020 Vỏ Điện Thoại Hoạt ,256597381446,Normal Product,0_442762567168109_1,Điện Thoại & Phụ Kiện,Phụ kiện,"Vỏ bao, Ốp lưng & Miếng dán",24499.00148,1,XTRA Comm,,24499.00148,,20.00%,4899.80029,6.00%,1469.94008,6369.74037,10583.59999,3175.07999,13758.67998,,0,0.00%,0,100.00%,13758.67998,Đang chờ xử lý,"Trạng thái của sản phẩm đang chờ xử lý, hoa hồng sẽ chỉ được thanh toán khi nó được hoàn thành",Đơn hàng từ các Shop khác nhau,Đã tồn tại,fbreed,AoOmXoeCoTay,,,,Facebook
260414QU5CTTDA,Đang chờ xử lý,229819446246915,2026-04-14 05:44:10,,2026-04-08 16:48:46,Yopick.vn,1121182362,Preferred(CB),29461339184,Bánh mì nướng vui nhộn Vỏ điện thoại bằng da dễ thương cho IPhone 16 16Plus 11 12mini 13Pro Max 14Plus 15Pro XR XS Max 7 8 Plus ,128047258293,Normal Product,0_442762567168109_1,Điện Thoại & Phụ Kiện,Phụ kiện,"Vỏ bao, Ốp lưng & Miếng dán",28418.99851,1,XTRA Comm,,28418.99851,,20.00%,5683.7997,6.00%,1705.13991,7388.93961,0,0,0,,0,0.00%,0,100.00%,0,Đang chờ xử lý,"Trạng thái của sản phẩm đang chờ xử lý, hoa hồng sẽ chỉ được thanh toán khi nó được hoàn thành",Đơn hàng từ các Shop khác nhau,Đã tồn tại,fbreed,AoOmXoeCoTay,,,,Facebook
260414QTYE2GC8,Đang chờ xử lý,229819246210073,2026-04-14 05:40:47,,2026-04-14 05:39:30,Cuộc sống sạch sẽ,1615876385,Preferred(Non-CB),40628381512,"Bọt Vệ Sinh Phụ Nữ Chiết Xuất Bồ Công Anh - Dịu Nhẹ Hàng Ngày, Cân Bằng pH Giúp Vùng Kín Khỏe Mạnh, Thoáng Sạch",430491799399,Normal Product,,Sức Khỏe,Chăm sóc cá nhân,Chăm sóc phụ nữ,66325,1,XTRA Comm,,50954,,20.00%,10190.8,5.00%,2547.7,12738.5,10190.8,2547.7,12738.5,,0,0.00%,0,100.00%,12738.5,Đang chờ xử lý,"Trạng thái của sản phẩm đang chờ xử lý, hoa hồng sẽ chỉ được thanh toán khi nó được hoàn thành",Đơn hàng từ các Shop khác nhau,Đã tồn tại,MuseStudio,aotodinhdaxanhdamdaitay,,,,Others
260414QQ030HPV,Đang chờ xử lý,229814973205946,2026-04-14 04:29:34,,2026-04-13 17:47:58,Shop Diện Là Xinh,1765805914,C2C(Non-CB),41079226975,Áo 3 LỖ NỮ,390635610221,Normal Product,,Thời Trang Nữ,Áo,Áo hai dây và ba lỗ,55000,1,Shopee Comm,,46050,,20.00%,9210,0.00%,0,9210,9210,0,9210,,0,0.00%,0,100.00%,9210,Đang chờ xử lý,"Trạng thái của sản phẩm đang chờ xử lý, hoa hồng sẽ chỉ được thanh toán khi nó được hoàn thành",Đơn hàng từ các Shop khác nhau,Đã tồn tại,dammaxi,,,,,Facebook
260414QH7C6MW6,Đang chờ xử lý,229808775272242,2026-04-14 02:46:15,,2026-04-14 01:58:17,Liam Beauty Queen,921785072,Preferred(Non-CB),53755767256,"Cà Phê IDOL SLIN x2 Thái Lan dáng đẹp, Thơm Ngon 10 Gói Giảm Cân Detox Slimming Garcia Coffe",325521554394,Normal Product,,Thực phẩm và đồ uống,Đồ uống,Cà phê,215000,1,XTRA Comm,,172000,,20.00%,20000,1.00%,1720,21720,20000,1720,21720,,0,0.00%,0,100.00%,21720,Đang chờ xử lý,"Trạng thái của sản phẩm đang chờ xử lý, hoa hồng sẽ chỉ được thanh toán khi nó được hoàn thành",Đơn hàng từ các Shop khác nhau,Đã tồn tại,vaykhongtaycochuv,,,,,Facebook
260414QB59UD9G,Đang chờ xử lý,229802263251723,2026-04-14 00:57:44,,2026-04-13 22:59:21,YAOEENH trẻ sơ sinh mặc,300046893,Shopee Mall(CB),26180217600,【YAOEENH】80-160cm Mùa Hè Bé Gái Thoáng Mát Cổ Áo Vest Đầm Giữa Lớn Trẻ Em Không Tay Hoa Đầm Công Chúa Hàng Có Sẵn Vận Chuyển Nha,178795578601,Normal Product,,Thời trang trẻ em & trẻ sơ sinh,Quần áo bé gái,Váy,94355,1,Shopee Comm,,77071,,0.00%,0,0.00%,0,0,0,0,0,,0,0.00%,0,100.00%,0,Đang chờ xử lý,"Trạng thái của sản phẩm đang chờ xử lý, hoa hồng sẽ chỉ được thanh toán khi nó được hoàn thành",Đơn hàng từ các Shop khác nhau,Đã tồn tại,MuseStudio,aotodinhdaxanhdamdaitay,,,,Facebook
260414QB59UD9G,Đang chờ xử lý,229802263251723,2026-04-14 00:57:44,,2026-04-13 22:59:21,YAOEENH trẻ sơ sinh mặc,300046893,Shopee Mall(CB),28832470033,【YAOEENH】16-22cm Thời Trang Bé Gái Nơ Dép Đi Trong Nhà Mặc Ngoài Nhỏ Vừa Trẻ Em Chống Mài Mòn Chống Trơn Trượt Đế Dày Đi Biển Sa,118648089887,Normal Product,,Thời trang trẻ em & trẻ sơ sinh,Giày bé gái,Dép lê,87825,1,Shopee Comm,,71917,,0.00%,0,0.00%,0,0,0,0,0,,0,0.00%,0,100.00%,0,Đang chờ xử lý,"Trạng thái của sản phẩm đang chờ xử lý, hoa hồng sẽ chỉ được thanh toán khi nó được hoàn thành",Đơn hàng từ các Shop khác nhau,Đã tồn tại,MuseStudio,aotodinhdaxanhdamdaitay,,,,Facebook
260414QA4GTU8T,Đang chờ xử lý,229801163277573,2026-04-14 00:39:23,,2026-04-13 23:30:07,BOSSEE - VĂN PHÒNG PHẨM XINH,1437074218,Preferred(Non-CB),42500627746,"Bút Màu Dạ Bossee 120 Màu Marker Acrylic, Họa Cụ Tô Màu Dạ Vẽ Tranh Anime, Sáng Tạo DIY Trên Mọi Chất Liệu",305452200374,Normal Product,,Văn Phòng Phẩm,Bút Các Loại,Bút Lông Màu,38000,1,XTRA Comm,,25300,,20.00%,5060,1.00%,253,5313,5060,253,5313,,0,0.00%,0,100.00%,5313,Đang chờ xử lý,"Trạng thái của sản phẩm đang chờ xử lý, hoa hồng sẽ chỉ được thanh toán khi nó được hoàn thành",Đơn hàng từ các Shop khác nhau,Đã tồn tại,vaykhongtaycochuv,,,,,Facebook
260414Q9G3H49M,Đang chờ xử lý,229800478236340,2026-04-14 00:27:58,,2026-04-13 21:43:13,LISAstore68,1035248747,Preferred(Non-CB),24525967504,"Đầm xốp hoa thời trang nữ chân váy hoa xếp tầng, tay áo bèo cổ tròn cột nơ có lót quần,",232718758474,Normal Product,,Thời Trang Nữ,Đầm,,169000,1,XTRA Comm,,67802,,20.00%,10119,1.00%,678.02,10797.02,20000,1340,21340,,0,0.00%,0,100.00%,21340,Đang chờ xử lý,"Trạng thái của sản phẩm đang chờ xử lý, hoa hồng sẽ chỉ được thanh toán khi nó được hoàn thành",Đơn hàng từ các Shop khác nhau,Đã tồn tại,dammaxi,,,,,Others
260414Q9G3H49M,Đang chờ xử lý,229800478236340,2026-04-14 00:27:58,,2026-04-13 21:43:13,LISAstore68,1035248747,Preferred(Non-CB),29228959651,"Đầm 2 dây thời trang nữ 2 tầng xinh chât vải lụa in hoa phối ren có lót quần 2 mài y hình,",252836094178,Normal Product,,Thời Trang Nữ,Đầm,,165000,1,XTRA Comm,,66198,,20.00%,9881,1.00%,661.98,10542.98,0,0,0,,0,0.00%,0,100.00%,0,Đang chờ xử lý,"Trạng thái của sản phẩm đang chờ xử lý, hoa hồng sẽ chỉ được thanh toán khi nó được hoàn thành",Đơn hàng từ các Shop khác nhau,Đã tồn tại,dammaxi,,,,,Others
260414Q9FHCH07,Đang chờ xử lý,229800459219660,2026-04-14 00:27:40,,2026-04-09 23:29:08,Thoitranghhshop,1262064914,C2C(Non-CB),27179320712,Quần baggy nữ chín tấc co giãn 4 chiều lưng chun cạp cao chất umi Nhật cao cấp 901-hhshop,252863332467,Normal Product,,Thời Trang Nữ,Quần,Quần dài,113296,1,XTRA Comm,,93296,,20.00%,18659.2,5.00%,4664.8,23324,18659.2,4664.8,23324,,0,0.00%,0,100.00%,23324,Đang chờ xử lý,"Trạng thái của sản phẩm đang chờ xử lý, hoa hồng sẽ chỉ được thanh toán khi nó được hoàn thành",Đơn hàng từ cùng một Shop,Đã tồn tại,MuseStudio,aotodinhdaxanhdamdaitay,,,,Others
260414Q8EETFV6,Đang chờ xử lý,229799349227132,2026-04-14 00:09:09,,2026-04-13 18:17:27,TOBEE FOOD,9681115,Preferred(Non-CB),27301899363,"Hạt Nổ, Thạch Nổ Lúa Mạch 850g ( Lô HSD: 22/06/2026 ) - TOBEE FOOD, Topping",255964607364,Normal Product,,Thực phẩm và đồ uống,Đồ uống,Topping,55860,1,XTRA Comm,,50274,,20.00%,10054.8,2.50%,1256.85,11311.65,10054.8,1256.85,11311.65,,0,0.00%,0,100.00%,11311.65,Đang chờ xử lý,"Trạng thái của sản phẩm đang chờ xử lý, hoa hồng sẽ chỉ được thanh toán khi nó được hoàn thành",Đơn hàng từ các Shop khác nhau,Đã tồn tại,MuseStudio,aotodinhdaxanhdamdaitay,,,,Facebook
260414Q836AFG2,Đang chờ xử lý,229798971212680,2026-04-14 00:02:51,,2026-04-14 00:01:20,DepSuSu.Store,832842967,Preferred(Non-CB),24636001181,Dép Sandal Quai Cao Su Chống Thấm Nước Học Sinh,207804253529,Normal Product,,Giày Dép Nữ,Xăng-đan và dép,Xăng-đan đế bằng,69000,1,XTRA Comm,,60030,,20.00%,12006,1.50%,900.45,12906.45,12006,900.45,12906.45,,0,0.00%,0,100.00%,12906.45,Đang chờ xử lý,"Trạng thái của sản phẩm đang chờ xử lý, hoa hồng sẽ chỉ được thanh toán khi nó được hoàn thành",Đơn hàng từ các Shop khác nhau,Đã tồn tại,MuseStudio,aotodinhdaxanhdamdaitay,,,,Facebook
